220001 ,RUSSIAN FEDERATION ,GAZPROMBANK,MIR,DEBIT,PREMIUM
220056 ,RUSSIAN FEDERATION ,GAZPROMBANK,MIR,DEBIT,
356299 ,RUSSIAN FEDERATION ,GAZPROMBANK,MIR,CREDIT,STANDARD
356466 ,RUSSIAN FEDERATION ,GAZPROMBANK,MIR,CREDIT,STANDARD
356467 ,RUSSIAN FEDERATION ,GAZPROMBANK,MIR,CREDIT,BUSINESS
356468 ,RUSSIAN FEDERATION ,GAZPROMBANK,MIR,CREDIT,GOLD
411927 ,RUSSIAN FEDERATION ,GAZPROMBANK,VISA,DEBIT,CLASSIC
411928 ,RUSSIAN FEDERATION ,GAZPROMBANK,VISA,DEBIT,GOLD
424976 ,RUSSIAN FEDERATION ,GAZPROMBANK,VISA,DEBIT,ELECTRON
430299 ,RUSSIAN FEDERATION ,GAZPROMBANK,VISA,CREDIT,
430643 ,RUSSIAN FEDERATION ,GAZPROMBANK,VISA,DEBIT,GOLD
433316 ,RUSSIAN FEDERATION ,GAZPROMBANK,VISA,CREDIT,
465882 ,RUSSIAN FEDERATION ,GAZPROMBANK,VISA,CREDIT,
510162 ,RUSSIAN FEDERATION ,GAZPROMBANK,MASTERCARD,CREDIT,STANDARD
511223 ,RUSSIAN FEDERATION ,GAZPROMBANK,MASTERCARD,CREDIT,BUSINESS
512347 ,RUSSIAN FEDERATION ,GAZPROMBANK,MASTERCARD,DEBIT,STANDARD
516454 ,RUSSIAN FEDERATION ,GAZPROMBANK,MASTERCARD,CREDIT,PLATINUM
517593 ,RUSSIAN FEDERATION ,GAZPROMBANK,MASTERCARD,CREDIT,WORLD BUSINESS
518228 ,RUSSIAN FEDERATION ,GAZPROMBANK,MASTERCARD,CREDIT,STANDARD
518365 ,RUSSIAN FEDERATION ,GAZPROMBANK,MASTERCARD,DEBIT,GOLD
518373 ,RUSSIAN FEDERATION ,GAZPROMBANK,MASTERCARD,CREDIT,GOLD
518704 ,RUSSIAN FEDERATION ,GAZPROMBANK,MASTERCARD,CREDIT,BUSINESS
521155 ,RUSSIAN FEDERATION ,GAZPROMBANK,MASTERCARD,DEBIT,PREPAID
522193 ,RUSSIAN FEDERATION ,GAZPROMBANK,MASTERCARD,CREDIT,STANDARD
522477 ,RUSSIAN FEDERATION ,GAZPROMBANK,MASTERCARD,DEBIT,STANDARD
522988 ,RUSSIAN FEDERATION ,GAZPROMBANK,MASTERCARD,CREDIT,PLATINUM
525780 ,RUSSIAN FEDERATION ,GAZPROMBANK,MASTERCARD,CREDIT,GOLD
525833 ,RUSSIAN FEDERATION ,GAZPROMBANK,MASTERCARD,CREDIT,WORLD
526483 ,RUSSIAN FEDERATION ,GAZPROMBANK,MASTERCARD,CREDIT,STANDARD
527444 ,RUSSIAN FEDERATION ,GAZPROMBANK,MASTERCARD,CREDIT,STANDARD
529488 ,RUSSIAN FEDERATION ,GAZPROMBANK,MASTERCARD,CREDIT,PLATINUM
530114 ,RUSSIAN FEDERATION ,GAZPROMBANK,MASTERCARD,DEBIT,PREPAID
530993 ,RUSSIAN FEDERATION ,GAZPROMBANK,MASTERCARD,CREDIT,STANDARD
533327 ,RUSSIAN FEDERATION ,GAZPROMBANK,MASTERCARD,CREDIT,GOLD
537627 ,RUSSIAN FEDERATION ,GAZPROMBANK,MASTERCARD,CREDIT,WORLD
538816 ,RUSSIAN FEDERATION ,GAZPROMBANK,MASTERCARD,CREDIT,STANDARD
542247 ,RUSSIAN FEDERATION ,GAZPROMBANK,MASTERCARD,DEBIT,STANDARD
542255 ,RUSSIAN FEDERATION ,GAZPROMBANK,MASTERCARD,CREDIT,STANDARD
543367 ,RUSSIAN FEDERATION ,GAZPROMBANK,MASTERCARD,DEBIT,GOLD
543672 ,RUSSIAN FEDERATION ,GAZPROMBANK,MASTERCARD,CREDIT,GOLD
543762 ,RUSSIAN FEDERATION ,GAZPROMBANK,MASTERCARD,DEBIT,STANDARD
544561 ,RUSSIAN FEDERATION ,GAZPROMBANK,MASTERCARD,CREDIT,PLATINUM
545101 ,RUSSIAN FEDERATION ,GAZPROMBANK,MASTERCARD,CREDIT,WORLD
545807 ,RUSSIAN FEDERATION ,GAZPROMBANK,MASTERCARD,CREDIT,
547348 ,RUSSIAN FEDERATION ,GAZPROMBANK,MASTERCARD,CREDIT,BUSINESS
548027 ,RUSSIAN FEDERATION ,GAZPROMBANK,MASTERCARD,CREDIT,GOLD
548291 ,RUSSIAN FEDERATION ,GAZPROMBANK,MASTERCARD,CREDIT,GOLD
548328 ,RUSSIAN FEDERATION ,GAZPROMBANK,MASTERCARD,DEBIT,STANDARD
548791 ,RUSSIAN FEDERATION ,GAZPROMBANK,MASTERCARD,DEBIT,GOLD
548999 ,RUSSIAN FEDERATION ,GAZPROMBANK,MASTERCARD,CREDIT,WORLD
549000 ,RUSSIAN FEDERATION ,GAZPROMBANK,MASTERCARD,CREDIT,WORLD
549098 ,RUSSIAN FEDERATION ,GAZPROMBANK,MASTERCARD,CREDIT,STANDARD
552702 ,RUSSIAN FEDERATION ,GAZPROMBANK,MASTERCARD,CREDIT,WORLD BLACK
556052 ,RUSSIAN FEDERATION ,GAZPROMBANK,MASTERCARD,CREDIT,BUSINESS
558355 ,RUSSIAN FEDERATION ,GAZPROMBANK,MASTERCARD,CREDIT,BUSINESS
559255 ,RUSSIAN FEDERATION ,GAZPROMBANK,MASTERCARD,CREDIT,BUSINESS
559992 ,RUSSIAN FEDERATION ,GAZPROMBANK,MASTERCARD,CREDIT,WORLD BLACK
671122 ,RUSSIAN FEDERATION ,GAZPROMBANK,MAESTRO,DEBIT,STANDARD
676454 ,RUSSIAN FEDERATION ,GAZPROMBANK,MAESTRO,DEBIT,
676979 ,RUSSIAN FEDERATION ,GAZPROMBANK,MAESTRO,DEBIT,
676990 ,RUSSIAN FEDERATION ,GAZPROMBANK,MAESTRO,DEBIT,PERSONAL
677110 ,RUSSIAN FEDERATION ,GAZPROMBANK,MAESTRO,DEBIT,
677257 ,RUSSIAN FEDERATION ,GAZPROMBANK,MAESTRO,DEBIT,PERSONAL
677338 ,RUSSIAN FEDERATION ,GAZPROMBANK,MAESTRO,DEBIT,PERSONAL
677478 ,RUSSIAN FEDERATION ,GAZPROMBANK,MAESTRO,DEBIT,PERSONAL
677484 ,RUSSIAN FEDERATION ,GAZPROMBANK,MAESTRO,DEBIT,PERSONAL
677585 ,RUSSIAN FEDERATION ,GAZPROMBANK,MAESTRO,DEBIT,
220028 ,RUSSIAN FEDERATION ,MTS BANK,MIR,DEBIT,CLASSIC
404204 ,RUSSIAN FEDERATION ,MTS BANK,VISA,DEBIT,CLASSIC
404269 ,RUSSIAN FEDERATION ,MTS BANK,VISA,DEBIT,ELECTRON
406356 ,RUSSIAN FEDERATION ,MTS BANK,VISA,CREDIT,
462013 ,RUSSIAN FEDERATION ,MTS BANK,VISA,DEBIT,PREPAID
467725 ,RUSSIAN FEDERATION ,MTS BANK,VISA,CREDIT,
467758 ,RUSSIAN FEDERATION ,MTS BANK,VISA,DEBIT,ELECTRON
517955 ,RUSSIAN FEDERATION ,MTS BANK,MASTERCARD,CREDIT,PLATINUM
521159 ,RUSSIAN FEDERATION ,MTS BANK,MASTERCARD,CREDIT,STANDARD
524602 ,RUSSIAN FEDERATION ,MTS BANK,MASTERCARD,CREDIT,WORLD
531733 ,RUSSIAN FEDERATION ,MTS BANK,MASTERCARD,CREDIT,WORLD BLACK
533213 ,RUSSIAN FEDERATION ,MTS BANK,MASTERCARD,DEBIT,PREPAID
533736 ,RUSSIAN FEDERATION ,MTS BANK,MASTERCARD,CREDIT,STANDARD
536672 ,RUSSIAN FEDERATION ,MTS BANK,MASTERCARD,DEBIT,PREPAID
540616 ,RUSSIAN FEDERATION ,MTS BANK,MASTERCARD,CREDIT,GOLD
541435 ,RUSSIAN FEDERATION ,MTS BANK,MASTERCARD,CREDIT,STANDARD
544123 ,RUSSIAN FEDERATION ,MTS BANK,MASTERCARD,CREDIT,GOLD
548035 ,RUSSIAN FEDERATION ,MTS BANK,MASTERCARD,DEBIT,PREPAID
550583 ,RUSSIAN FEDERATION ,MTS BANK,MASTERCARD,CREDIT,STANDARD
552618 ,RUSSIAN FEDERATION ,MTS BANK,MASTERCARD,CREDIT,BUSINESS
555973 ,RUSSIAN FEDERATION ,MTS BANK,MASTERCARD,CREDIT,WORLD
676884 ,RUSSIAN FEDERATION ,MTS BANK,MAESTRO,DEBIT,
677684 ,RUSSIAN FEDERATION ,MTS BANK,MAESTRO,DEBIT,PERSONAL
220100 ,RUSSIAN FEDERATION ,SBERBANK OF RUSSIA,MIR,DEBIT,
220220 ,RUSSIAN FEDERATION ,SBERBANK OF RUSSIA,MIR,DEBIT,CLASSIC/GOLD
400680 ,RUSSIAN FEDERATION ,SBERBANK OF RUSSIA,VISA,DEBIT,REWARDS
402333 ,RUSSIAN FEDERATION ,SBERBANK OF RUSSIA,VISA,DEBIT,
403933 ,RUSSIAN FEDERATION ,SBERBANK OF RUSSIA,VISA,DEBIT,BUSINESS ENHANCED
417398 ,RUSSIAN FEDERATION ,SBERBANK OF RUSSIA,VISA,DEBIT,REWARDS
417638 ,RUSSIAN FEDERATION ,SBERBANK OF RUSSIA,VISA,DEBIT,
423078 ,RUSSIAN FEDERATION ,SBERBANK OF RUSSIA,VISA,CREDIT,
427400 ,RUSSIAN FEDERATION ,SBERBANK OF RUSSIA,VISA,CREDIT,BUSINESS ENHANCED
427401 ,RUSSIAN FEDERATION ,SBERBANK OF RUSSIA,VISA,CREDIT,
427402 ,RUSSIAN FEDERATION ,SBERBANK OF RUSSIA,VISA,DEBIT,BUSINESS ENHANCED
427403 ,RUSSIAN FEDERATION ,SBERBANK OF RUSSIA,VISA,DEBIT,BUSINESS ENHANCED
427404 ,RUSSIAN FEDERATION ,SBERBANK OF RUSSIA,VISA,DEBIT,BUSINESS ENHANCED
427406 ,RUSSIAN FEDERATION ,SBERBANK OF RUSSIA,VISA,DEBIT,BUSINESS ENHANCED
427407 ,RUSSIAN FEDERATION ,SBERBANK OF RUSSIA,VISA,DEBIT,BUSINESS ENHANCED
427408 ,RUSSIAN FEDERATION ,SBERBANK OF RUSSIA,VISA,DEBIT,BUSINESS ENHANCED
427411 ,RUSSIAN FEDERATION ,SBERBANK OF RUSSIA,VISA,DEBIT,BUSINESS ENHANCED
427412 ,RUSSIAN FEDERATION ,SBERBANK OF RUSSIA,VISA,DEBIT,BUSINESS ENHANCED
427413 ,RUSSIAN FEDERATION ,SBERBANK OF RUSSIA,VISA,DEBIT,BUSINESS ENHANCED
427415 ,RUSSIAN FEDERATION ,SBERBANK OF RUSSIA,VISA,CREDIT,
427416 ,RUSSIAN FEDERATION ,SBERBANK OF RUSSIA,VISA,DEBIT,BUSINESS ENHANCED
427417 ,RUSSIAN FEDERATION ,SBERBANK OF RUSSIA,VISA,DEBIT,INFINITE
427418 ,RUSSIAN FEDERATION ,SBERBANK OF RUSSIA,VISA,DEBIT,BUSINESS ENHANCED
427420 ,RUSSIAN FEDERATION ,SBERBANK OF RUSSIA,VISA,DEBIT,BUSINESS ENHANCED
427422 ,RUSSIAN FEDERATION ,SBERBANK OF RUSSIA,VISA,DEBIT,BUSINESS ENHANCED
427425 ,RUSSIAN FEDERATION ,SBERBANK OF RUSSIA,VISA,DEBIT,BUSINESS ENHANCED
427426 ,RUSSIAN FEDERATION ,SBERBANK OF RUSSIA,VISA,DEBIT,BUSINESS ENHANCED
427427 ,RUSSIAN FEDERATION ,SBERBANK OF RUSSIA,VISA,DEBIT,PLATINUM
427428 ,RUSSIAN FEDERATION ,SBERBANK OF RUSSIA,VISA,DEBIT,BUSINESS ENHANCED
427429 ,RUSSIAN FEDERATION ,SBERBANK OF RUSSIA,VISA,CREDIT,
427430 ,RUSSIAN FEDERATION ,SBERBANK OF RUSSIA,VISA,DEBIT,BUSINESS ENHANCED
427431 ,RUSSIAN FEDERATION ,SBERBANK OF RUSSIA,VISA,DEBIT,BUSINESS ENHANCED
427432 ,RUSSIAN FEDERATION ,SBERBANK OF RUSSIA,VISA,DEBIT,REWARDS
427433 ,RUSSIAN FEDERATION ,SBERBANK OF RUSSIA,VISA,DEBIT,BUSINESS ENHANCED
427434 ,RUSSIAN FEDERATION ,SBERBANK OF RUSSIA,VISA,CREDIT,
427436 ,RUSSIAN FEDERATION ,SBERBANK OF RUSSIA,VISA,DEBIT,BUSINESS ENHANCED
427438 ,RUSSIAN FEDERATION ,SBERBANK OF RUSSIA,VISA,DEBIT,BUSINESS ENHANCED
427439 ,RUSSIAN FEDERATION ,SBERBANK OF RUSSIA,VISA,DEBIT,BUSINESS ENHANCED
427440 ,RUSSIAN FEDERATION ,SBERBANK OF RUSSIA,VISA,DEBIT,BUSINESS ENHANCED
427441 ,RUSSIAN FEDERATION ,SBERBANK OF RUSSIA,VISA,DEBIT,BUSINESS ENHANCED
427442 ,RUSSIAN FEDERATION ,SBERBANK OF RUSSIA,VISA,DEBIT,BUSINESS ENHANCED
427443 ,RUSSIAN FEDERATION ,SBERBANK OF RUSSIA,VISA,CREDIT,
427444 ,RUSSIAN FEDERATION ,SBERBANK OF RUSSIA,VISA,DEBIT,BUSINESS ENHANCED
427445 ,RUSSIAN FEDERATION ,SBERBANK OF RUSSIA,VISA,DEBIT,BUSINESS ENHANCED
427446 ,RUSSIAN FEDERATION ,SBERBANK OF RUSSIA,VISA,DEBIT,BUSINESS ENHANCED
427447 ,RUSSIAN FEDERATION ,SBERBANK OF RUSSIA,VISA,CREDIT,
427448 ,RUSSIAN FEDERATION ,SBERBANK OF RUSSIA,VISA,DEBIT,PLATINUM
427449 ,RUSSIAN FEDERATION ,SBERBANK OF RUSSIA,VISA,DEBIT,BUSINESS ENHANCED
427450 ,RUSSIAN FEDERATION ,SBERBANK OF RUSSIA,VISA,DEBIT,BUSINESS ENHANCED
427451 ,RUSSIAN FEDERATION ,SBERBANK OF RUSSIA,VISA,DEBIT,BUSINESS ENHANCED
427452 ,RUSSIAN FEDERATION ,SBERBANK OF RUSSIA,VISA,DEBIT,BUSINESS ENHANCED
427453 ,RUSSIAN FEDERATION ,SBERBANK OF RUSSIA,VISA,DEBIT,BUSINESS ENHANCED
427454 ,RUSSIAN FEDERATION ,SBERBANK OF RUSSIA,VISA,DEBIT,BUSINESS ENHANCED
427455 ,RUSSIAN FEDERATION ,SBERBANK OF RUSSIA,VISA,DEBIT,BUSINESS ENHANCED
427456 ,RUSSIAN FEDERATION ,SBERBANK OF RUSSIA,VISA,DEBIT,BUSINESS ENHANCED
427459 ,RUSSIAN FEDERATION ,SBERBANK OF RUSSIA,VISA,DEBIT,BUSINESS ENHANCED
427460 ,RUSSIAN FEDERATION ,SBERBANK OF RUSSIA,VISA,DEBIT,BUSINESS ENHANCED
427461 ,RUSSIAN FEDERATION ,SBERBANK OF RUSSIA,VISA,DEBIT,BUSINESS ENHANCED
427462 ,RUSSIAN FEDERATION ,SBERBANK OF RUSSIA,VISA,DEBIT,BUSINESS ENHANCED
427463 ,RUSSIAN FEDERATION ,SBERBANK OF RUSSIA,VISA,DEBIT,BUSINESS ENHANCED
427464 ,RUSSIAN FEDERATION ,SBERBANK OF RUSSIA,VISA,CREDIT,
427466 ,RUSSIAN FEDERATION ,SBERBANK OF RUSSIA,VISA,DEBIT,BUSINESS ENHANCED
427467 ,RUSSIAN FEDERATION ,SBERBANK OF RUSSIA,VISA,DEBIT,BUSINESS ENHANCED
427468 ,RUSSIAN FEDERATION ,SBERBANK OF RUSSIA,VISA,DEBIT,BUSINESS ENHANCED
427469 ,RUSSIAN FEDERATION ,SBERBANK OF RUSSIA,VISA,DEBIT,BUSINESS ENHANCED
427470 ,RUSSIAN FEDERATION ,SBERBANK OF RUSSIA,VISA,DEBIT,BUSINESS ENHANCED
427472 ,RUSSIAN FEDERATION ,SBERBANK OF RUSSIA,VISA,DEBIT,BUSINESS ENHANCED
427475 ,RUSSIAN FEDERATION ,SBERBANK OF RUSSIA,VISA,DEBIT,BUSINESS ENHANCED
427477 ,RUSSIAN FEDERATION ,SBERBANK OF RUSSIA,VISA,DEBIT,BUSINESS ENHANCED
427491 ,RUSSIAN FEDERATION ,SBERBANK OF RUSSIA,VISA,CREDIT,
427499 ,RUSSIAN FEDERATION ,SBERBANK OF RUSSIA,VISA,DEBIT,BUSINESS ENHANCED
427600 ,RUSSIAN FEDERATION ,SBERBANK OF RUSSIA,VISA,DEBIT,CLASSIC
427601 ,RUSSIAN FEDERATION ,SBERBANK OF RUSSIA,VISA,CREDIT,CLASSIC
427602 ,RUSSIAN FEDERATION ,SBERBANK OF RUSSIA,VISA,DEBIT,CLASSIC
427603 ,RUSSIAN FEDERATION ,SBERBANK OF RUSSIA,VISA,DEBIT,CLASSIC
427604 ,RUSSIAN FEDERATION ,SBERBANK OF RUSSIA,VISA,DEBIT,CLASSIC
427605 ,RUSSIAN FEDERATION ,SBERBANK OF RUSSIA,VISA,DEBIT,CLASSIC
427606 ,RUSSIAN FEDERATION ,SBERBANK OF RUSSIA,VISA,DEBIT,CLASSIC
427607 ,RUSSIAN FEDERATION ,SBERBANK OF RUSSIA,VISA,DEBIT,CLASSIC
427608 ,RUSSIAN FEDERATION ,SBERBANK OF RUSSIA,VISA,DEBIT,CLASSIC
427609 ,RUSSIAN FEDERATION ,SBERBANK OF RUSSIA,VISA,DEBIT,CLASSIC
427610 ,RUSSIAN FEDERATION ,SBERBANK OF RUSSIA,VISA,DEBIT,CLASSIC
427611 ,RUSSIAN FEDERATION ,SBERBANK OF RUSSIA,VISA,DEBIT,CLASSIC
427612 ,RUSSIAN FEDERATION ,SBERBANK OF RUSSIA,VISA,DEBIT,CLASSIC
427613 ,RUSSIAN FEDERATION ,SBERBANK OF RUSSIA,VISA,DEBIT,CLASSIC
427615 ,RUSSIAN FEDERATION ,SBERBANK OF RUSSIA,VISA,CREDIT,
427616 ,RUSSIAN FEDERATION ,SBERBANK OF RUSSIA,VISA,DEBIT,REWARDS
427617 ,RUSSIAN FEDERATION ,SBERBANK OF RUSSIA,VISA,DEBIT,CLASSIC
427618 ,RUSSIAN FEDERATION ,SBERBANK OF RUSSIA,VISA,DEBIT,CLASSIC
427620 ,RUSSIAN FEDERATION ,SBERBANK OF RUSSIA,VISA,DEBIT,CLASSIC
427622 ,RUSSIAN FEDERATION ,SBERBANK OF RUSSIA,VISA,DEBIT,CLASSIC
427625 ,RUSSIAN FEDERATION ,SBERBANK OF RUSSIA,VISA,DEBIT,CLASSIC
427626 ,RUSSIAN FEDERATION ,SBERBANK OF RUSSIA,VISA,DEBIT,CLASSIC
427627 ,RUSSIAN FEDERATION ,SBERBANK OF RUSSIA,VISA,DEBIT,CLASSIC
427628 ,RUSSIAN FEDERATION ,SBERBANK OF RUSSIA,VISA,DEBIT,CLASSIC
427629 ,RUSSIAN FEDERATION ,SBERBANK OF RUSSIA,VISA,DEBIT,CLASSIC
427630 ,RUSSIAN FEDERATION ,SBERBANK OF RUSSIA,VISA,DEBIT,CLASSIC
427631 ,RUSSIAN FEDERATION ,SBERBANK OF RUSSIA,VISA,DEBIT,CLASSIC
427632 ,RUSSIAN FEDERATION ,SBERBANK OF RUSSIA,VISA,DEBIT,CLASSIC
427633 ,RUSSIAN FEDERATION ,SBERBANK OF RUSSIA,VISA,DEBIT,CLASSIC
427635 ,RUSSIAN FEDERATION ,SBERBANK OF RUSSIA,VISA,DEBIT,CLASSIC
427636 ,RUSSIAN FEDERATION ,SBERBANK OF RUSSIA,VISA,DEBIT,CLASSIC
427637 ,RUSSIAN FEDERATION ,SBERBANK OF RUSSIA,VISA,DEBIT,CLASSIC
427638 ,RUSSIAN FEDERATION ,SBERBANK OF RUSSIA,VISA,DEBIT,CLASSIC
427639 ,RUSSIAN FEDERATION ,SBERBANK OF RUSSIA,VISA,DEBIT,CLASSIC
427640 ,RUSSIAN FEDERATION ,SBERBANK OF RUSSIA,VISA,DEBIT,CLASSIC
427641 ,RUSSIAN FEDERATION ,SBERBANK OF RUSSIA,VISA,DEBIT,CLASSIC
427642 ,RUSSIAN FEDERATION ,SBERBANK OF RUSSIA,VISA,DEBIT,CLASSIC
427643 ,RUSSIAN FEDERATION ,SBERBANK OF RUSSIA,VISA,DEBIT,CLASSIC
427644 ,RUSSIAN FEDERATION ,SBERBANK OF RUSSIA,VISA,DEBIT,CLASSIC
427645 ,RUSSIAN FEDERATION ,SBERBANK OF RUSSIA,VISA,DEBIT,CLASSIC
427646 ,RUSSIAN FEDERATION ,SBERBANK OF RUSSIA,VISA,DEBIT,CLASSIC
427648 ,RUSSIAN FEDERATION ,SBERBANK OF RUSSIA,VISA,DEBIT,CLASSIC
427649 ,RUSSIAN FEDERATION ,SBERBANK OF RUSSIA,VISA,DEBIT,CLASSIC
427650 ,RUSSIAN FEDERATION ,SBERBANK OF RUSSIA,VISA,DEBIT,CLASSIC
427651 ,RUSSIAN FEDERATION ,SBERBANK OF RUSSIA,VISA,DEBIT,CLASSIC
427652 ,RUSSIAN FEDERATION ,SBERBANK OF RUSSIA,VISA,DEBIT,CLASSIC
427653 ,RUSSIAN FEDERATION ,SBERBANK OF RUSSIA,VISA,DEBIT,CLASSIC
427654 ,RUSSIAN FEDERATION ,SBERBANK OF RUSSIA,VISA,DEBIT,CLASSIC
427655 ,RUSSIAN FEDERATION ,SBERBANK OF RUSSIA,VISA,DEBIT,CLASSIC
427656 ,RUSSIAN FEDERATION ,SBERBANK OF RUSSIA,VISA,DEBIT,CLASSIC
427659 ,RUSSIAN FEDERATION ,SBERBANK OF RUSSIA,VISA,DEBIT,CLASSIC
427660 ,RUSSIAN FEDERATION ,SBERBANK OF RUSSIA,VISA,DEBIT,CLASSIC
427661 ,RUSSIAN FEDERATION ,SBERBANK OF RUSSIA,VISA,DEBIT,CLASSIC
427662 ,RUSSIAN FEDERATION ,SBERBANK OF RUSSIA,VISA,DEBIT,CLASSIC
427663 ,RUSSIAN FEDERATION ,SBERBANK OF RUSSIA,VISA,DEBIT,CLASSIC
427664 ,RUSSIAN FEDERATION ,SBERBANK OF RUSSIA,VISA,DEBIT,CLASSIC
427666 ,RUSSIAN FEDERATION ,SBERBANK OF RUSSIA,VISA,DEBIT,CLASSIC
427667 ,RUSSIAN FEDERATION ,SBERBANK OF RUSSIA,VISA,DEBIT,CLASSIC
427668 ,RUSSIAN FEDERATION ,SBERBANK OF RUSSIA,VISA,DEBIT,CLASSIC
427669 ,RUSSIAN FEDERATION ,SBERBANK OF RUSSIA,VISA,DEBIT,CLASSIC
427670 ,RUSSIAN FEDERATION ,SBERBANK OF RUSSIA,VISA,DEBIT,CLASSIC
427672 ,RUSSIAN FEDERATION ,SBERBANK OF RUSSIA,VISA,DEBIT,CLASSIC
427674 ,RUSSIAN FEDERATION ,SBERBANK OF RUSSIA,VISA,DEBIT,CLASSIC
427675 ,RUSSIAN FEDERATION ,SBERBANK OF RUSSIA,VISA,DEBIT,CLASSIC
427676 ,RUSSIAN FEDERATION ,SBERBANK OF RUSSIA,VISA,DEBIT,CLASSIC
427677 ,RUSSIAN FEDERATION ,SBERBANK OF RUSSIA,VISA,DEBIT,CLASSIC
427680 ,RUSSIAN FEDERATION ,SBERBANK OF RUSSIA,VISA,DEBIT,REWARDS
427681 ,RUSSIAN FEDERATION ,SBERBANK OF RUSSIA,VISA,DEBIT,REWARDS
427682 ,RUSSIAN FEDERATION ,SBERBANK OF RUSSIA,VISA,DEBIT,REWARDS
427683 ,RUSSIAN FEDERATION ,SBERBANK OF RUSSIA,VISA,DEBIT,REWARDS
427684 ,RUSSIAN FEDERATION ,SBERBANK OF RUSSIA,VISA,DEBIT,REWARDS
427685 ,RUSSIAN FEDERATION ,SBERBANK OF RUSSIA,VISA,DEBIT,REWARDS
427686 ,RUSSIAN FEDERATION ,SBERBANK OF RUSSIA,VISA,DEBIT,REWARDS
427687 ,RUSSIAN FEDERATION ,SBERBANK OF RUSSIA,VISA,DEBIT,REWARDS
427688 ,RUSSIAN FEDERATION ,SBERBANK OF RUSSIA,VISA,DEBIT,REWARDS
427689 ,RUSSIAN FEDERATION ,SBERBANK OF RUSSIA,VISA,DEBIT,REWARDS
427695 ,RUSSIAN FEDERATION ,SBERBANK OF RUSSIA,VISA,DEBIT,BUSINESS
427696 ,RUSSIAN FEDERATION ,SBERBANK OF RUSSIA,VISA,CREDIT,
427697 ,RUSSIAN FEDERATION ,SBERBANK OF RUSSIA,VISA,CREDIT,
427699 ,RUSSIAN FEDERATION ,SBERBANK OF RUSSIA,VISA,DEBIT,CLASSIC
427900 ,RUSSIAN FEDERATION ,SBERBANK OF RUSSIA,VISA,CREDIT,
427901 ,RUSSIAN FEDERATION ,SBERBANK OF RUSSIA,VISA,CREDIT,REWARDS
427902 ,RUSSIAN FEDERATION ,SBERBANK OF RUSSIA,VISA,DEBIT,REWARDS
427903 ,RUSSIAN FEDERATION ,SBERBANK OF RUSSIA,VISA,DEBIT,REWARDS
427904 ,RUSSIAN FEDERATION ,SBERBANK OF RUSSIA,VISA,DEBIT,REWARDS
427905 ,RUSSIAN FEDERATION ,SBERBANK OF RUSSIA,VISA,DEBIT,REWARDS
427906 ,RUSSIAN FEDERATION ,SBERBANK OF RUSSIA,VISA,DEBIT,REWARDS
427907 ,RUSSIAN FEDERATION ,SBERBANK OF RUSSIA,VISA,DEBIT,REWARDS
427908 ,RUSSIAN FEDERATION ,SBERBANK OF RUSSIA,VISA,DEBIT,REWARDS
427909 ,RUSSIAN FEDERATION ,SBERBANK OF RUSSIA,VISA,DEBIT,REWARDS
427910 ,RUSSIAN FEDERATION ,SBERBANK OF RUSSIA,VISA,DEBIT,REWARDS
427911 ,RUSSIAN FEDERATION ,SBERBANK OF RUSSIA,VISA,DEBIT,REWARDS
427912 ,RUSSIAN FEDERATION ,SBERBANK OF RUSSIA,VISA,DEBIT,REWARDS
427913 ,RUSSIAN FEDERATION ,SBERBANK OF RUSSIA,VISA,DEBIT,REWARDS
427915 ,RUSSIAN FEDERATION ,SBERBANK OF RUSSIA,VISA,CREDIT,
427916 ,RUSSIAN FEDERATION ,SBERBANK OF RUSSIA,VISA,DEBIT,REWARDS
427917 ,RUSSIAN FEDERATION ,SBERBANK OF RUSSIA,VISA,DEBIT,REWARDS
427918 ,RUSSIAN FEDERATION ,SBERBANK OF RUSSIA,VISA,DEBIT,REWARDS
427920 ,RUSSIAN FEDERATION ,SBERBANK OF RUSSIA,VISA,DEBIT,REWARDS
427921 ,RUSSIAN FEDERATION ,SBERBANK OF RUSSIA,VISA,CREDIT,
427922 ,RUSSIAN FEDERATION ,SBERBANK OF RUSSIA,VISA,DEBIT,REWARDS
427925 ,RUSSIAN FEDERATION ,SBERBANK OF RUSSIA,VISA,DEBIT,REWARDS
427926 ,RUSSIAN FEDERATION ,SBERBANK OF RUSSIA,VISA,DEBIT,REWARDS
427927 ,RUSSIAN FEDERATION ,SBERBANK OF RUSSIA,VISA,DEBIT,REWARDS
427928 ,RUSSIAN FEDERATION ,SBERBANK OF RUSSIA,VISA,DEBIT,REWARDS
427929 ,RUSSIAN FEDERATION ,SBERBANK OF RUSSIA,VISA,DEBIT,REWARDS
427930 ,RUSSIAN FEDERATION ,SBERBANK OF RUSSIA,VISA,DEBIT,REWARDS
427931 ,RUSSIAN FEDERATION ,SBERBANK OF RUSSIA,VISA,DEBIT,REWARDS
427932 ,RUSSIAN FEDERATION ,SBERBANK OF RUSSIA,VISA,DEBIT,REWARDS
427933 ,RUSSIAN FEDERATION ,SBERBANK OF RUSSIA,VISA,DEBIT,REWARDS
427935 ,RUSSIAN FEDERATION ,SBERBANK OF RUSSIA,VISA,DEBIT,REWARDS
427936 ,RUSSIAN FEDERATION ,SBERBANK OF RUSSIA,VISA,DEBIT,REWARDS
427937 ,RUSSIAN FEDERATION ,SBERBANK OF RUSSIA,VISA,DEBIT,REWARDS
427938 ,RUSSIAN FEDERATION ,SBERBANK OF RUSSIA,VISA,DEBIT,REWARDS
427939 ,RUSSIAN FEDERATION ,SBERBANK OF RUSSIA,VISA,DEBIT,REWARDS
427940 ,RUSSIAN FEDERATION ,SBERBANK OF RUSSIA,VISA,DEBIT,REWARDS
427941 ,RUSSIAN FEDERATION ,SBERBANK OF RUSSIA,VISA,DEBIT,REWARDS
427942 ,RUSSIAN FEDERATION ,SBERBANK OF RUSSIA,VISA,DEBIT,REWARDS
427943 ,RUSSIAN FEDERATION ,SBERBANK OF RUSSIA,VISA,DEBIT,REWARDS
427944 ,RUSSIAN FEDERATION ,SBERBANK OF RUSSIA,VISA,DEBIT,REWARDS
427945 ,RUSSIAN FEDERATION ,SBERBANK OF RUSSIA,VISA,DEBIT,REWARDS
427946 ,RUSSIAN FEDERATION ,SBERBANK OF RUSSIA,VISA,DEBIT,REWARDS
427948 ,RUSSIAN FEDERATION ,SBERBANK OF RUSSIA,VISA,DEBIT,REWARDS
427949 ,RUSSIAN FEDERATION ,SBERBANK OF RUSSIA,VISA,DEBIT,REWARDS
427950 ,RUSSIAN FEDERATION ,SBERBANK OF RUSSIA,VISA,DEBIT,REWARDS
427951 ,RUSSIAN FEDERATION ,SBERBANK OF RUSSIA,VISA,DEBIT,REWARDS
427952 ,RUSSIAN FEDERATION ,SBERBANK OF RUSSIA,VISA,DEBIT,REWARDS
427953 ,RUSSIAN FEDERATION ,SBERBANK OF RUSSIA,VISA,DEBIT,REWARDS
427954 ,RUSSIAN FEDERATION ,SBERBANK OF RUSSIA,VISA,DEBIT,REWARDS
427955 ,RUSSIAN FEDERATION ,SBERBANK OF RUSSIA,VISA,DEBIT,REWARDS
427956 ,RUSSIAN FEDERATION ,SBERBANK OF RUSSIA,VISA,DEBIT,REWARDS
427959 ,RUSSIAN FEDERATION ,SBERBANK OF RUSSIA,VISA,DEBIT,REWARDS
427960 ,RUSSIAN FEDERATION ,SBERBANK OF RUSSIA,VISA,DEBIT,REWARDS
427961 ,RUSSIAN FEDERATION ,SBERBANK OF RUSSIA,VISA,DEBIT,REWARDS
427962 ,RUSSIAN FEDERATION ,SBERBANK OF RUSSIA,VISA,DEBIT,REWARDS
427963 ,RUSSIAN FEDERATION ,SBERBANK OF RUSSIA,VISA,DEBIT,REWARDS
427964 ,RUSSIAN FEDERATION ,SBERBANK OF RUSSIA,VISA,DEBIT,REWARDS
427966 ,RUSSIAN FEDERATION ,SBERBANK OF RUSSIA,VISA,DEBIT,REWARDS
427967 ,RUSSIAN FEDERATION ,SBERBANK OF RUSSIA,VISA,DEBIT,REWARDS
427968 ,RUSSIAN FEDERATION ,SBERBANK OF RUSSIA,VISA,DEBIT,REWARDS
427969 ,RUSSIAN FEDERATION ,SBERBANK OF RUSSIA,VISA,DEBIT,REWARDS
427970 ,RUSSIAN FEDERATION ,SBERBANK OF RUSSIA,VISA,DEBIT,REWARDS
427972 ,RUSSIAN FEDERATION ,SBERBANK OF RUSSIA,VISA,DEBIT,REWARDS
427973 ,RUSSIAN FEDERATION ,SBERBANK OF RUSSIA,VISA,CREDIT,
427974 ,RUSSIAN FEDERATION ,SBERBANK OF RUSSIA,VISA,DEBIT,REWARDS
427975 ,RUSSIAN FEDERATION ,SBERBANK OF RUSSIA,VISA,DEBIT,REWARDS
427976 ,RUSSIAN FEDERATION ,SBERBANK OF RUSSIA,VISA,CREDIT,
427977 ,RUSSIAN FEDERATION ,SBERBANK OF RUSSIA,VISA,DEBIT,REWARDS
427978 ,RUSSIAN FEDERATION ,SBERBANK OF RUSSIA,VISA,CREDIT,
427980 ,RUSSIAN FEDERATION ,SBERBANK OF RUSSIA,VISA,CREDIT,
427981 ,RUSSIAN FEDERATION ,SBERBANK OF RUSSIA,VISA,CREDIT,
427982 ,RUSSIAN FEDERATION ,SBERBANK OF RUSSIA,VISA,CREDIT,
427983 ,RUSSIAN FEDERATION ,SBERBANK OF RUSSIA,VISA,CREDIT,
427984 ,RUSSIAN FEDERATION ,SBERBANK OF RUSSIA,VISA,CREDIT,
427985 ,RUSSIAN FEDERATION ,SBERBANK OF RUSSIA,VISA,CREDIT,
427986 ,RUSSIAN FEDERATION ,SBERBANK OF RUSSIA,VISA,CREDIT,
427987 ,RUSSIAN FEDERATION ,SBERBANK OF RUSSIA,VISA,CREDIT,
427988 ,RUSSIAN FEDERATION ,SBERBANK OF RUSSIA,VISA,CREDIT,
427989 ,RUSSIAN FEDERATION ,SBERBANK OF RUSSIA,VISA,CREDIT,
427990 ,RUSSIAN FEDERATION ,SBERBANK OF RUSSIA,VISA,CREDIT,
427991 ,RUSSIAN FEDERATION ,SBERBANK OF RUSSIA,VISA,CREDIT,
427992 ,RUSSIAN FEDERATION ,SBERBANK OF RUSSIA,VISA,CREDIT,
427993 ,RUSSIAN FEDERATION ,SBERBANK OF RUSSIA,VISA,CREDIT,
427994 ,RUSSIAN FEDERATION ,SBERBANK OF RUSSIA,VISA,CREDIT,
427995 ,RUSSIAN FEDERATION ,SBERBANK OF RUSSIA,VISA,CREDIT,
427998 ,RUSSIAN FEDERATION ,SBERBANK OF RUSSIA,VISA,CREDIT,
427999 ,RUSSIAN FEDERATION ,SBERBANK OF RUSSIA,VISA,DEBIT,REWARDS
467455 ,RUSSIAN FEDERATION ,SBERBANK OF RUSSIA,VISA,DEBIT,REWARDS
475794 ,RUSSIAN FEDERATION ,SBERBANK OF RUSSIA,VISA,DEBIT,ULTRA HIGH NET WORTH
478483 ,RUSSIAN FEDERATION ,SBERBANK OF RUSSIA,VISA,DEBIT,SIGNATURE
479580 ,RUSSIAN FEDERATION ,SBERBANK OF RUSSIA,VISA,DEBIT,CLASSIC
479583 ,RUSSIAN FEDERATION ,SBERBANK OF RUSSIA,VISA,DEBIT,REWARDS
480087 ,RUSSIAN FEDERATION ,SBERBANK OF RUSSIA,VISA,DEBIT,CLASSIC
480110 ,RUSSIAN FEDERATION ,SBERBANK OF RUSSIA,VISA,DEBIT,REWARDS
480111 ,RUSSIAN FEDERATION ,SBERBANK OF RUSSIA,VISA,DEBIT,CLASSIC
480112 ,RUSSIAN FEDERATION ,SBERBANK OF RUSSIA,VISA,DEBIT,CLASSIC
480113 ,RUSSIAN FEDERATION ,SBERBANK OF RUSSIA,VISA,DEBIT,REWARDS
480114 ,RUSSIAN FEDERATION ,SBERBANK OF RUSSIA,VISA,DEBIT,SIGNATURE
481776 ,RUSSIAN FEDERATION ,SBERBANK OF RUSSIA,VISA,DEBIT,CLASSIC
481777 ,RUSSIAN FEDERATION ,SBERBANK OF RUSSIA,VISA,DEBIT,PREPAID CLASSIC
481778 ,RUSSIAN FEDERATION ,SBERBANK OF RUSSIA,VISA,DEBIT,INFINITE
481779 ,RUSSIAN FEDERATION ,SBERBANK OF RUSSIA,VISA,DEBIT,SIGNATURE
481781 ,RUSSIAN FEDERATION ,SBERBANK OF RUSSIA,VISA,CREDIT,SIGNATURE
481782 ,RUSSIAN FEDERATION ,SBERBANK OF RUSSIA,VISA,CREDIT,REWARDS
483983 ,RUSSIAN FEDERATION ,SBERBANK OF RUSSIA,VISA,DEBIT,INFINITE
483984 ,RUSSIAN FEDERATION ,SBERBANK OF RUSSIA,VISA,DEBIT,PERSONAL
485463 ,RUSSIAN FEDERATION ,SBERBANK OF RUSSIA,VISA,CREDIT,CLASSIC
486687 ,RUSSIAN FEDERATION ,SBERBANK OF RUSSIA,VISA,DEBIT,CLASSIC
489798 ,RUSSIAN FEDERATION ,SBERBANK OF RUSSIA,VISA,DEBIT,CLASSIC
519808 ,RUSSIAN FEDERATION ,SBERBANK OF RUSSIA,MASTERCARD,CREDIT,WORLD BLACK
522860 ,RUSSIAN FEDERATION ,SBERBANK OF RUSSIA,MASTERCARD,DEBIT,STANDARD
527404 ,RUSSIAN FEDERATION ,SBERBANK OF RUSSIA,MASTERCARD,DEBIT,WORLD ELITE
530829 ,RUSSIAN FEDERATION ,SBERBANK OF RUSSIA,MASTERCARD,DEBIT,PREPAID
531310 ,RUSSIAN FEDERATION ,SBERBANK OF RUSSIA,MASTERCARD,CREDIT,PLATINUM
533205 ,RUSSIAN FEDERATION ,SBERBANK OF RUSSIA,MASTERCARD,CREDIT,WORLD BLACK
533208 ,RUSSIAN FEDERATION ,SBERBANK OF RUSSIA,MASTERCARD,CREDIT,WORLD BLACK
533669 ,RUSSIAN FEDERATION ,SBERBANK OF RUSSIA,MASTERCARD,CREDIT,STANDARD
536961 ,RUSSIAN FEDERATION ,SBERBANK OF RUSSIA,MASTERCARD,CREDIT,PLATINUM
538150 ,RUSSIAN FEDERATION ,SBERBANK OF RUSSIA,MASTERCARD,CREDIT,WORLD
545152 ,RUSSIAN FEDERATION ,SBERBANK OF RUSSIA,MASTERCARD,CREDIT,WORLD
546901 ,RUSSIAN FEDERATION ,SBERBANK OF RUSSIA,MASTERCARD,CREDIT,PLATINUM
546902 ,RUSSIAN FEDERATION ,SBERBANK OF RUSSIA,MASTERCARD,CREDIT,PLATINUM SALARY
546903 ,RUSSIAN FEDERATION ,SBERBANK OF RUSSIA,MASTERCARD,CREDIT,PLATINUM SALARY
546904 ,RUSSIAN FEDERATION ,SBERBANK OF RUSSIA,MASTERCARD,CREDIT,PLATINUM SALARY
546905 ,RUSSIAN FEDERATION ,SBERBANK OF RUSSIA,MASTERCARD,CREDIT,PLATINUM SALARY
546906 ,RUSSIAN FEDERATION ,SBERBANK OF RUSSIA,MASTERCARD,CREDIT,PLATINUM SALARY
546907 ,RUSSIAN FEDERATION ,SBERBANK OF RUSSIA,MASTERCARD,CREDIT,PLATINUM SALARY
546908 ,RUSSIAN FEDERATION ,SBERBANK OF RUSSIA,MASTERCARD,CREDIT,PLATINUM SALARY
546909 ,RUSSIAN FEDERATION ,SBERBANK OF RUSSIA,MASTERCARD,CREDIT,PLATINUM SALARY
546910 ,RUSSIAN FEDERATION ,SBERBANK OF RUSSIA,MASTERCARD,CREDIT,PLATINUM SALARY
546911 ,RUSSIAN FEDERATION ,SBERBANK OF RUSSIA,MASTERCARD,CREDIT,PLATINUM SALARY
546912 ,RUSSIAN FEDERATION ,SBERBANK OF RUSSIA,MASTERCARD,CREDIT,PLATINUM SALARY
546913 ,RUSSIAN FEDERATION ,SBERBANK OF RUSSIA,MASTERCARD,CREDIT,PLATINUM SALARY
546916 ,RUSSIAN FEDERATION ,SBERBANK OF RUSSIA,MASTERCARD,CREDIT,PLATINUM SALARY
546917 ,RUSSIAN FEDERATION ,SBERBANK OF RUSSIA,MASTERCARD,CREDIT,PLATINUM SALARY
546918 ,RUSSIAN FEDERATION ,SBERBANK OF RUSSIA,MASTERCARD,CREDIT,PLATINUM SALARY
546920 ,RUSSIAN FEDERATION ,SBERBANK OF RUSSIA,MASTERCARD,CREDIT,PLATINUM SALARY
546922 ,RUSSIAN FEDERATION ,SBERBANK OF RUSSIA,MASTERCARD,CREDIT,PLATINUM SALARY
546925 ,RUSSIAN FEDERATION ,SBERBANK OF RUSSIA,MASTERCARD,CREDIT,PLATINUM SALARY
546926 ,RUSSIAN FEDERATION ,SBERBANK OF RUSSIA,MASTERCARD,CREDIT,PLATINUM SALARY
546927 ,RUSSIAN FEDERATION ,SBERBANK OF RUSSIA,MASTERCARD,CREDIT,PLATINUM SALARY
546928 ,RUSSIAN FEDERATION ,SBERBANK OF RUSSIA,MASTERCARD,CREDIT,PLATINUM SALARY
546929 ,RUSSIAN FEDERATION ,SBERBANK OF RUSSIA,MASTERCARD,CREDIT,PLATINUM SALARY
546930 ,RUSSIAN FEDERATION ,SBERBANK OF RUSSIA,MASTERCARD,CREDIT,PLATINUM SALARY
546931 ,RUSSIAN FEDERATION ,SBERBANK OF RUSSIA,MASTERCARD,CREDIT,PLATINUM SALARY
546932 ,RUSSIAN FEDERATION ,SBERBANK OF RUSSIA,MASTERCARD,CREDIT,PLATINUM SALARY
546933 ,RUSSIAN FEDERATION ,SBERBANK OF RUSSIA,MASTERCARD,CREDIT,PLATINUM SALARY
546935 ,RUSSIAN FEDERATION ,SBERBANK OF RUSSIA,MASTERCARD,CREDIT,PLATINUM SALARY
546936 ,RUSSIAN FEDERATION ,SBERBANK OF RUSSIA,MASTERCARD,CREDIT,PLATINUM SALARY
546937 ,RUSSIAN FEDERATION ,SBERBANK OF RUSSIA,MASTERCARD,CREDIT,PLATINUM SALARY
546938 ,RUSSIAN FEDERATION ,SBERBANK OF RUSSIA,MASTERCARD,CREDIT,PLATINUM SALARY
546939 ,RUSSIAN FEDERATION ,SBERBANK OF RUSSIA,MASTERCARD,CREDIT,PLATINUM SALARY
546940 ,RUSSIAN FEDERATION ,SBERBANK OF RUSSIA,MASTERCARD,CREDIT,PLATINUM SALARY
546941 ,RUSSIAN FEDERATION ,SBERBANK OF RUSSIA,MASTERCARD,CREDIT,PLATINUM SALARY
546942 ,RUSSIAN FEDERATION ,SBERBANK OF RUSSIA,MASTERCARD,CREDIT,PLATINUM SALARY
546943 ,RUSSIAN FEDERATION ,SBERBANK OF RUSSIA,MASTERCARD,CREDIT,PLATINUM SALARY
546944 ,RUSSIAN FEDERATION ,SBERBANK OF RUSSIA,MASTERCARD,CREDIT,PLATINUM SALARY
546945 ,RUSSIAN FEDERATION ,SBERBANK OF RUSSIA,MASTERCARD,CREDIT,PLATINUM SALARY
546946 ,RUSSIAN FEDERATION ,SBERBANK OF RUSSIA,MASTERCARD,CREDIT,PLATINUM SALARY
546947 ,RUSSIAN FEDERATION ,SBERBANK OF RUSSIA,MASTERCARD,CREDIT,PLATINUM SALARY
546948 ,RUSSIAN FEDERATION ,SBERBANK OF RUSSIA,MASTERCARD,CREDIT,PLATINUM SALARY
546949 ,RUSSIAN FEDERATION ,SBERBANK OF RUSSIA,MASTERCARD,CREDIT,PLATINUM SALARY
546950 ,RUSSIAN FEDERATION ,SBERBANK OF RUSSIA,MASTERCARD,CREDIT,PLATINUM SALARY
546951 ,RUSSIAN FEDERATION ,SBERBANK OF RUSSIA,MASTERCARD,CREDIT,PLATINUM SALARY
546952 ,RUSSIAN FEDERATION ,SBERBANK OF RUSSIA,MASTERCARD,CREDIT,PLATINUM SALARY
546953 ,RUSSIAN FEDERATION ,SBERBANK OF RUSSIA,MASTERCARD,CREDIT,PLATINUM SALARY
546954 ,RUSSIAN FEDERATION ,SBERBANK OF RUSSIA,MASTERCARD,CREDIT,PLATINUM SALARY
546955 ,RUSSIAN FEDERATION ,SBERBANK OF RUSSIA,MASTERCARD,CREDIT,PLATINUM SALARY
546956 ,RUSSIAN FEDERATION ,SBERBANK OF RUSSIA,MASTERCARD,CREDIT,PLATINUM SALARY
546959 ,RUSSIAN FEDERATION ,SBERBANK OF RUSSIA,MASTERCARD,CREDIT,PLATINUM SALARY
546960 ,RUSSIAN FEDERATION ,SBERBANK OF RUSSIA,MASTERCARD,CREDIT,PLATINUM SALARY
546961 ,RUSSIAN FEDERATION ,SBERBANK OF RUSSIA,MASTERCARD,CREDIT,PLATINUM SALARY
546962 ,RUSSIAN FEDERATION ,SBERBANK OF RUSSIA,MASTERCARD,CREDIT,PLATINUM SALARY
546963 ,RUSSIAN FEDERATION ,SBERBANK OF RUSSIA,MASTERCARD,CREDIT,PLATINUM SALARY
546964 ,RUSSIAN FEDERATION ,SBERBANK OF RUSSIA,MASTERCARD,CREDIT,PLATINUM SALARY
546966 ,RUSSIAN FEDERATION ,SBERBANK OF RUSSIA,MASTERCARD,CREDIT,PLATINUM SALARY
546967 ,RUSSIAN FEDERATION ,SBERBANK OF RUSSIA,MASTERCARD,CREDIT,PLATINUM SALARY
546968 ,RUSSIAN FEDERATION ,SBERBANK OF RUSSIA,MASTERCARD,CREDIT,PLATINUM SALARY
546969 ,RUSSIAN FEDERATION ,SBERBANK OF RUSSIA,MASTERCARD,CREDIT,PLATINUM SALARY
546970 ,RUSSIAN FEDERATION ,SBERBANK OF RUSSIA,MASTERCARD,CREDIT,PLATINUM SALARY
546972 ,RUSSIAN FEDERATION ,SBERBANK OF RUSSIA,MASTERCARD,CREDIT,PLATINUM SALARY
546974 ,RUSSIAN FEDERATION ,SBERBANK OF RUSSIA,MASTERCARD,CREDIT,PLATINUM SALARY
546975 ,RUSSIAN FEDERATION ,SBERBANK OF RUSSIA,MASTERCARD,CREDIT,PLATINUM SALARY
546976 ,RUSSIAN FEDERATION ,SBERBANK OF RUSSIA,MASTERCARD,CREDIT,PLATINUM SALARY
546977 ,RUSSIAN FEDERATION ,SBERBANK OF RUSSIA,MASTERCARD,CREDIT,PLATINUM SALARY
546998 ,RUSSIAN FEDERATION ,SBERBANK OF RUSSIA,MASTERCARD,DEBIT,WORLD
546999 ,RUSSIAN FEDERATION ,SBERBANK OF RUSSIA,MASTERCARD,CREDIT,PLATINUM SALARY
547901 ,RUSSIAN FEDERATION ,SBERBANK OF RUSSIA,MASTERCARD,CREDIT,BUSINESS
547902 ,RUSSIAN FEDERATION ,SBERBANK OF RUSSIA,MASTERCARD,CREDIT,PREFERRED BUSINESS
547905 ,RUSSIAN FEDERATION ,SBERBANK OF RUSSIA,MASTERCARD,CREDIT,PREFERRED BUSINESS
547906 ,RUSSIAN FEDERATION ,SBERBANK OF RUSSIA,MASTERCARD,CREDIT,PREFERRED BUSINESS
547907 ,RUSSIAN FEDERATION ,SBERBANK OF RUSSIA,MASTERCARD,CREDIT,PREFERRED BUSINESS
547910 ,RUSSIAN FEDERATION ,SBERBANK OF RUSSIA,MASTERCARD,CREDIT,PREFERRED BUSINESS
547911 ,RUSSIAN FEDERATION ,SBERBANK OF RUSSIA,MASTERCARD,CREDIT,PREFERRED BUSINESS
547912 ,RUSSIAN FEDERATION ,SBERBANK OF RUSSIA,MASTERCARD,CREDIT,PREFERRED BUSINESS
547913 ,RUSSIAN FEDERATION ,SBERBANK OF RUSSIA,MASTERCARD,CREDIT,PREFERRED BUSINESS
547920 ,RUSSIAN FEDERATION ,SBERBANK OF RUSSIA,MASTERCARD,CREDIT,PREFERRED BUSINESS
547922 ,RUSSIAN FEDERATION ,SBERBANK OF RUSSIA,MASTERCARD,CREDIT,BUSINESS
547925 ,RUSSIAN FEDERATION ,SBERBANK OF RUSSIA,MASTERCARD,CREDIT,PREFERRED BUSINESS
547926 ,RUSSIAN FEDERATION ,SBERBANK OF RUSSIA,MASTERCARD,CREDIT,PREFERRED BUSINESS
547927 ,RUSSIAN FEDERATION ,SBERBANK OF RUSSIA,MASTERCARD,DEBIT,PLATINUM
547928 ,RUSSIAN FEDERATION ,SBERBANK OF RUSSIA,MASTERCARD,CREDIT,PREFERRED BUSINESS
547930 ,RUSSIAN FEDERATION ,SBERBANK OF RUSSIA,MASTERCARD,CREDIT,PREFERRED BUSINESS
547931 ,RUSSIAN FEDERATION ,SBERBANK OF RUSSIA,MASTERCARD,CREDIT,PREFERRED BUSINESS
547932 ,RUSSIAN FEDERATION ,SBERBANK OF RUSSIA,MASTERCARD,DEBIT,STANDARD
547935 ,RUSSIAN FEDERATION ,SBERBANK OF RUSSIA,MASTERCARD,CREDIT,BUSINESS
547936 ,RUSSIAN FEDERATION ,SBERBANK OF RUSSIA,MASTERCARD,CREDIT,PREFERRED BUSINESS
547938 ,RUSSIAN FEDERATION ,SBERBANK OF RUSSIA,MASTERCARD,CREDIT,PREFERRED BUSINESS
547940 ,RUSSIAN FEDERATION ,SBERBANK OF RUSSIA,MASTERCARD,CREDIT,PREFERRED BUSINESS
547942 ,RUSSIAN FEDERATION ,SBERBANK OF RUSSIA,MASTERCARD,CREDIT,PREFERRED BUSINESS
547943 ,RUSSIAN FEDERATION ,SBERBANK OF RUSSIA,MASTERCARD,CREDIT,PREFERRED BUSINESS
547944 ,RUSSIAN FEDERATION ,SBERBANK OF RUSSIA,MASTERCARD,CREDIT,PREFERRED BUSINESS
547945 ,RUSSIAN FEDERATION ,SBERBANK OF RUSSIA,MASTERCARD,CREDIT,PREFERRED BUSINESS
547947 ,RUSSIAN FEDERATION ,SBERBANK OF RUSSIA,MASTERCARD,CREDIT,BUSINESS
547948 ,RUSSIAN FEDERATION ,SBERBANK OF RUSSIA,MASTERCARD,CREDIT,PLATINUM
547949 ,RUSSIAN FEDERATION ,SBERBANK OF RUSSIA,MASTERCARD,CREDIT,PREFERRED BUSINESS
547950 ,RUSSIAN FEDERATION ,SBERBANK OF RUSSIA,MASTERCARD,CREDIT,PREFERRED BUSINESS
547951 ,RUSSIAN FEDERATION ,SBERBANK OF RUSSIA,MASTERCARD,CREDIT,BUSINESS
547952 ,RUSSIAN FEDERATION ,SBERBANK OF RUSSIA,MASTERCARD,CREDIT,PREFERRED BUSINESS
547953 ,RUSSIAN FEDERATION ,SBERBANK OF RUSSIA,MASTERCARD,CREDIT,BUSINESS
547954 ,RUSSIAN FEDERATION ,SBERBANK OF RUSSIA,MASTERCARD,CREDIT,PREFERRED BUSINESS
547955 ,RUSSIAN FEDERATION ,SBERBANK OF RUSSIA,MASTERCARD,CREDIT,PREFERRED BUSINESS
547956 ,RUSSIAN FEDERATION ,SBERBANK OF RUSSIA,MASTERCARD,CREDIT,PREFERRED BUSINESS
547959 ,RUSSIAN FEDERATION ,SBERBANK OF RUSSIA,MASTERCARD,CREDIT,BUSINESS
547960 ,RUSSIAN FEDERATION ,SBERBANK OF RUSSIA,MASTERCARD,CREDIT,PREFERRED BUSINESS
547961 ,RUSSIAN FEDERATION ,SBERBANK OF RUSSIA,MASTERCARD,CREDIT,BUSINESS
547962 ,RUSSIAN FEDERATION ,SBERBANK OF RUSSIA,MASTERCARD,CREDIT,PREFERRED BUSINESS
547966 ,RUSSIAN FEDERATION ,SBERBANK OF RUSSIA,MASTERCARD,CREDIT,BUSINESS
547969 ,RUSSIAN FEDERATION ,SBERBANK OF RUSSIA,MASTERCARD,CREDIT,PREFERRED BUSINESS
547972 ,RUSSIAN FEDERATION ,SBERBANK OF RUSSIA,MASTERCARD,CREDIT,PREFERRED BUSINESS
547976 ,RUSSIAN FEDERATION ,SBERBANK OF RUSSIA,MASTERCARD,CREDIT,BUSINESS
547998 ,RUSSIAN FEDERATION ,SBERBANK OF RUSSIA,MASTERCARD,CREDIT,PREFERRED BUSINESS
547999 ,RUSSIAN FEDERATION ,SBERBANK OF RUSSIA,MASTERCARD,CREDIT,BUSINESS
548401 ,RUSSIAN FEDERATION ,SBERBANK OF RUSSIA,MASTERCARD,CREDIT,PLATINUM
548402 ,RUSSIAN FEDERATION ,SBERBANK OF RUSSIA,MASTERCARD,CREDIT,PLATINUM SALARY
548403 ,RUSSIAN FEDERATION ,SBERBANK OF RUSSIA,MASTERCARD,CREDIT,PLATINUM SALARY
548405 ,RUSSIAN FEDERATION ,SBERBANK OF RUSSIA,MASTERCARD,CREDIT,PLATINUM SALARY
548406 ,RUSSIAN FEDERATION ,SBERBANK OF RUSSIA,MASTERCARD,CREDIT,PLATINUM SALARY
548407 ,RUSSIAN FEDERATION ,SBERBANK OF RUSSIA,MASTERCARD,CREDIT,PLATINUM SALARY
548410 ,RUSSIAN FEDERATION ,SBERBANK OF RUSSIA,MASTERCARD,CREDIT,PLATINUM SALARY
548411 ,RUSSIAN FEDERATION ,SBERBANK OF RUSSIA,MASTERCARD,CREDIT,PLATINUM SALARY
548412 ,RUSSIAN FEDERATION ,SBERBANK OF RUSSIA,MASTERCARD,CREDIT,PLATINUM SALARY
548413 ,RUSSIAN FEDERATION ,SBERBANK OF RUSSIA,MASTERCARD,CREDIT,PLATINUM SALARY
548416 ,RUSSIAN FEDERATION ,SBERBANK OF RUSSIA,MASTERCARD,CREDIT,PLATINUM SALARY
548420 ,RUSSIAN FEDERATION ,SBERBANK OF RUSSIA,MASTERCARD,CREDIT,PLATINUM SALARY
548422 ,RUSSIAN FEDERATION ,SBERBANK OF RUSSIA,MASTERCARD,CREDIT,PLATINUM SALARY
548425 ,RUSSIAN FEDERATION ,SBERBANK OF RUSSIA,MASTERCARD,CREDIT,PLATINUM SALARY
548426 ,RUSSIAN FEDERATION ,SBERBANK OF RUSSIA,MASTERCARD,CREDIT,PLATINUM SALARY
548427 ,RUSSIAN FEDERATION ,SBERBANK OF RUSSIA,MASTERCARD,CREDIT,PLATINUM SALARY
548428 ,RUSSIAN FEDERATION ,SBERBANK OF RUSSIA,MASTERCARD,CREDIT,PLATINUM SALARY
548430 ,RUSSIAN FEDERATION ,SBERBANK OF RUSSIA,MASTERCARD,CREDIT,PLATINUM SALARY
548431 ,RUSSIAN FEDERATION ,SBERBANK OF RUSSIA,MASTERCARD,CREDIT,PLATINUM SALARY
548432 ,RUSSIAN FEDERATION ,SBERBANK OF RUSSIA,MASTERCARD,CREDIT,PLATINUM SALARY
548435 ,RUSSIAN FEDERATION ,SBERBANK OF RUSSIA,MASTERCARD,CREDIT,PLATINUM SALARY
548436 ,RUSSIAN FEDERATION ,SBERBANK OF RUSSIA,MASTERCARD,CREDIT,PLATINUM SALARY
548438 ,RUSSIAN FEDERATION ,SBERBANK OF RUSSIA,MASTERCARD,CREDIT,PLATINUM SALARY
548440 ,RUSSIAN FEDERATION ,SBERBANK OF RUSSIA,MASTERCARD,CREDIT,PLATINUM SALARY
548442 ,RUSSIAN FEDERATION ,SBERBANK OF RUSSIA,MASTERCARD,CREDIT,PLATINUM SALARY
548443 ,RUSSIAN FEDERATION ,SBERBANK OF RUSSIA,MASTERCARD,CREDIT,PLATINUM SALARY
548444 ,RUSSIAN FEDERATION ,SBERBANK OF RUSSIA,MASTERCARD,CREDIT,PLATINUM SALARY
548445 ,RUSSIAN FEDERATION ,SBERBANK OF RUSSIA,MASTERCARD,CREDIT,PLATINUM SALARY
548447 ,RUSSIAN FEDERATION ,SBERBANK OF RUSSIA,MASTERCARD,CREDIT,PLATINUM SALARY
548448 ,RUSSIAN FEDERATION ,SBERBANK OF RUSSIA,MASTERCARD,CREDIT,PLATINUM SALARY
548449 ,RUSSIAN FEDERATION ,SBERBANK OF RUSSIA,MASTERCARD,CREDIT,PLATINUM SALARY
548450 ,RUSSIAN FEDERATION ,SBERBANK OF RUSSIA,MASTERCARD,CREDIT,PLATINUM
548451 ,RUSSIAN FEDERATION ,SBERBANK OF RUSSIA,MASTERCARD,CREDIT,PLATINUM
548452 ,RUSSIAN FEDERATION ,SBERBANK OF RUSSIA,MASTERCARD,CREDIT,PLATINUM
548454 ,RUSSIAN FEDERATION ,SBERBANK OF RUSSIA,MASTERCARD,CREDIT,PLATINUM
548455 ,RUSSIAN FEDERATION ,SBERBANK OF RUSSIA,MASTERCARD,CREDIT,PLATINUM
548456 ,RUSSIAN FEDERATION ,SBERBANK OF RUSSIA,MASTERCARD,CREDIT,PLATINUM
548459 ,RUSSIAN FEDERATION ,SBERBANK OF RUSSIA,MASTERCARD,CREDIT,PLATINUM
548460 ,RUSSIAN FEDERATION ,SBERBANK OF RUSSIA,MASTERCARD,CREDIT,PLATINUM
548461 ,RUSSIAN FEDERATION ,SBERBANK OF RUSSIA,MASTERCARD,CREDIT,PLATINUM
548462 ,RUSSIAN FEDERATION ,SBERBANK OF RUSSIA,MASTERCARD,CREDIT,PLATINUM
548463 ,RUSSIAN FEDERATION ,SBERBANK OF RUSSIA,MASTERCARD,CREDIT,PLATINUM
548464 ,RUSSIAN FEDERATION ,SBERBANK OF RUSSIA,MASTERCARD,CREDIT,PLATINUM
548466 ,RUSSIAN FEDERATION ,SBERBANK OF RUSSIA,MASTERCARD,CREDIT,PLATINUM
548468 ,RUSSIAN FEDERATION ,SBERBANK OF RUSSIA,MASTERCARD,CREDIT,PLATINUM
548469 ,RUSSIAN FEDERATION ,SBERBANK OF RUSSIA,MASTERCARD,CREDIT,PLATINUM
548470 ,RUSSIAN FEDERATION ,SBERBANK OF RUSSIA,MASTERCARD,CREDIT,PLATINUM
548472 ,RUSSIAN FEDERATION ,SBERBANK OF RUSSIA,MASTERCARD,CREDIT,PLATINUM
548476 ,RUSSIAN FEDERATION ,SBERBANK OF RUSSIA,MASTERCARD,CREDIT,PLATINUM
548477 ,RUSSIAN FEDERATION ,SBERBANK OF RUSSIA,MASTERCARD,CREDIT,PLATINUM
548498 ,RUSSIAN FEDERATION ,SBERBANK OF RUSSIA,MASTERCARD,CREDIT,PLATINUM
548499 ,RUSSIAN FEDERATION ,SBERBANK OF RUSSIA,MASTERCARD,CREDIT,PLATINUM
557000 ,RUSSIAN FEDERATION ,SBERBANK OF RUSSIA,MASTERCARD,DEBIT,WORLD
964300 ,RUSSIAN FEDERATION ,SBERBANK OF RUSSIA,MIR,DEBIT,STANDARD
964301 ,RUSSIAN FEDERATION ,SBERBANK OF RUSSIA,MIR,DEBIT,STANDARD
964302 ,RUSSIAN FEDERATION ,SBERBANK OF RUSSIA,MIR,DEBIT,STANDARD
964303 ,RUSSIAN FEDERATION ,SBERBANK OF RUSSIA,MIR,DEBIT,STANDARD
964304 ,RUSSIAN FEDERATION ,SBERBANK OF RUSSIA,MIR,DEBIT,STANDARD
964305 ,RUSSIAN FEDERATION ,SBERBANK OF RUSSIA,MIR,DEBIT,STANDARD
964307 ,RUSSIAN FEDERATION ,SBERBANK OF RUSSIA,MIR,DEBIT,STANDARD
964308 ,RUSSIAN FEDERATION ,SBERBANK OF RUSSIA,MIR,DEBIT,STANDARD
964309 ,RUSSIAN FEDERATION ,SBERBANK OF RUSSIA,MIR,DEBIT,STANDARD
964310 ,RUSSIAN FEDERATION ,SBERBANK OF RUSSIA,MIR,DEBIT,STANDARD
964311 ,RUSSIAN FEDERATION ,SBERBANK OF RUSSIA,MIR,DEBIT,STANDARD
964312 ,RUSSIAN FEDERATION ,SBERBANK OF RUSSIA,MIR,DEBIT,STANDARD
964313 ,RUSSIAN FEDERATION ,SBERBANK OF RUSSIA,MIR,DEBIT,STANDARD
964314 ,RUSSIAN FEDERATION ,SBERBANK OF RUSSIA,MIR,DEBIT,STANDARD
964315 ,RUSSIAN FEDERATION ,SBERBANK OF RUSSIA,MIR,DEBIT,STANDARD
964316 ,RUSSIAN FEDERATION ,SBERBANK OF RUSSIA,MIR,DEBIT,STANDARD
964317 ,RUSSIAN FEDERATION ,SBERBANK OF RUSSIA,MIR,DEBIT,STANDARD
964318 ,RUSSIAN FEDERATION ,SBERBANK OF RUSSIA,MIR,DEBIT,STANDARD
964319 ,RUSSIAN FEDERATION ,SBERBANK OF RUSSIA,MIR,DEBIT,STANDARD
964320 ,RUSSIAN FEDERATION ,SBERBANK OF RUSSIA,MIR,DEBIT,STANDARD
964321 ,RUSSIAN FEDERATION ,SBERBANK OF RUSSIA,MIR,DEBIT,STANDARD
964322 ,RUSSIAN FEDERATION ,SBERBANK OF RUSSIA,MIR,DEBIT,STANDARD
964323 ,RUSSIAN FEDERATION ,SBERBANK OF RUSSIA,MIR,DEBIT,STANDARD
964324 ,RUSSIAN FEDERATION ,SBERBANK OF RUSSIA,MIR,DEBIT,STANDARD
964325 ,RUSSIAN FEDERATION ,SBERBANK OF RUSSIA,MIR,DEBIT,STANDARD
964326 ,RUSSIAN FEDERATION ,SBERBANK OF RUSSIA,MIR,DEBIT,STANDARD
964327 ,RUSSIAN FEDERATION ,SBERBANK OF RUSSIA,MIR,DEBIT,STANDARD
964328 ,RUSSIAN FEDERATION ,SBERBANK OF RUSSIA,MIR,DEBIT,STANDARD
964329 ,RUSSIAN FEDERATION ,SBERBANK OF RUSSIA,MIR,DEBIT,STANDARD
964330 ,RUSSIAN FEDERATION ,SBERBANK OF RUSSIA,MIR,DEBIT,STANDARD
964331 ,RUSSIAN FEDERATION ,SBERBANK OF RUSSIA,MIR,DEBIT,STANDARD
964332 ,RUSSIAN FEDERATION ,SBERBANK OF RUSSIA,MIR,DEBIT,STANDARD
964333 ,RUSSIAN FEDERATION ,SBERBANK OF RUSSIA,MIR,DEBIT,STANDARD
964334 ,RUSSIAN FEDERATION ,SBERBANK OF RUSSIA,MIR,DEBIT,STANDARD
964335 ,RUSSIAN FEDERATION ,SBERBANK OF RUSSIA,MIR,DEBIT,STANDARD
964336 ,RUSSIAN FEDERATION ,SBERBANK OF RUSSIA,MIR,DEBIT,STANDARD
964337 ,RUSSIAN FEDERATION ,SBERBANK OF RUSSIA,MIR,DEBIT,STANDARD
964338 ,RUSSIAN FEDERATION ,SBERBANK OF RUSSIA,MIR,DEBIT,STANDARD
964339 ,RUSSIAN FEDERATION ,SBERBANK OF RUSSIA,MIR,DEBIT,STANDARD
964340 ,RUSSIAN FEDERATION ,SBERBANK OF RUSSIA,MIR,DEBIT,STANDARD
964341 ,RUSSIAN FEDERATION ,SBERBANK OF RUSSIA,MIR,DEBIT,STANDARD
964342 ,RUSSIAN FEDERATION ,SBERBANK OF RUSSIA,MIR,DEBIT,STANDARD
964343 ,RUSSIAN FEDERATION ,SBERBANK OF RUSSIA,MIR,DEBIT,STANDARD
964344 ,RUSSIAN FEDERATION ,SBERBANK OF RUSSIA,MIR,DEBIT,STANDARD
964345 ,RUSSIAN FEDERATION ,SBERBANK OF RUSSIA,MIR,DEBIT,STANDARD
964346 ,RUSSIAN FEDERATION ,SBERBANK OF RUSSIA,MIR,DEBIT,STANDARD
964347 ,RUSSIAN FEDERATION ,SBERBANK OF RUSSIA,MIR,DEBIT,STANDARD
964348 ,RUSSIAN FEDERATION ,SBERBANK OF RUSSIA,MIR,DEBIT,STANDARD
964349 ,RUSSIAN FEDERATION ,SBERBANK OF RUSSIA,MIR,DEBIT,STANDARD
964350 ,RUSSIAN FEDERATION ,SBERBANK OF RUSSIA,MIR,DEBIT,STANDARD
964351 ,RUSSIAN FEDERATION ,SBERBANK OF RUSSIA,MIR,DEBIT,STANDARD
964352 ,RUSSIAN FEDERATION ,SBERBANK OF RUSSIA,MIR,DEBIT,STANDARD
964353 ,RUSSIAN FEDERATION ,SBERBANK OF RUSSIA,MIR,DEBIT,STANDARD
964354 ,RUSSIAN FEDERATION ,SBERBANK OF RUSSIA,MIR,DEBIT,STANDARD
964355 ,RUSSIAN FEDERATION ,SBERBANK OF RUSSIA,MIR,DEBIT,STANDARD
964356 ,RUSSIAN FEDERATION ,SBERBANK OF RUSSIA,MIR,DEBIT,STANDARD
964357 ,RUSSIAN FEDERATION ,SBERBANK OF RUSSIA,MIR,DEBIT,STANDARD
964358 ,RUSSIAN FEDERATION ,SBERBANK OF RUSSIA,MIR,DEBIT,STANDARD
964359 ,RUSSIAN FEDERATION ,SBERBANK OF RUSSIA,MIR,DEBIT,STANDARD
964360 ,RUSSIAN FEDERATION ,SBERBANK OF RUSSIA,MIR,DEBIT,STANDARD
964361 ,RUSSIAN FEDERATION ,SBERBANK OF RUSSIA,MIR,DEBIT,STANDARD
964362 ,RUSSIAN FEDERATION ,SBERBANK OF RUSSIA,MIR,DEBIT,STANDARD
964363 ,RUSSIAN FEDERATION ,SBERBANK OF RUSSIA,MIR,DEBIT,STANDARD
964364 ,RUSSIAN FEDERATION ,SBERBANK OF RUSSIA,MIR,DEBIT,STANDARD
964365 ,RUSSIAN FEDERATION ,SBERBANK OF RUSSIA,MIR,DEBIT,STANDARD
964366 ,RUSSIAN FEDERATION ,SBERBANK OF RUSSIA,MIR,DEBIT,STANDARD
964367 ,RUSSIAN FEDERATION ,SBERBANK OF RUSSIA,MIR,DEBIT,STANDARD
964368 ,RUSSIAN FEDERATION ,SBERBANK OF RUSSIA,MIR,DEBIT,STANDARD
964369 ,RUSSIAN FEDERATION ,SBERBANK OF RUSSIA,MIR,DEBIT,STANDARD
964370 ,RUSSIAN FEDERATION ,SBERBANK OF RUSSIA,MIR,DEBIT,STANDARD
964371 ,RUSSIAN FEDERATION ,SBERBANK OF RUSSIA,MIR,DEBIT,STANDARD
964372 ,RUSSIAN FEDERATION ,SBERBANK OF RUSSIA,MIR,DEBIT,STANDARD
964373 ,RUSSIAN FEDERATION ,SBERBANK OF RUSSIA,MIR,DEBIT,STANDARD
964374 ,RUSSIAN FEDERATION ,SBERBANK OF RUSSIA,MIR,DEBIT,STANDARD
964375 ,RUSSIAN FEDERATION ,SBERBANK OF RUSSIA,MIR,DEBIT,STANDARD
964376 ,RUSSIAN FEDERATION ,SBERBANK OF RUSSIA,MIR,DEBIT,STANDARD
964378 ,RUSSIAN FEDERATION ,SBERBANK OF RUSSIA,MIR,DEBIT,STANDARD
964379 ,RUSSIAN FEDERATION ,SBERBANK OF RUSSIA,MIR,DEBIT,STANDARD
964380 ,RUSSIAN FEDERATION ,SBERBANK OF RUSSIA,MIR,DEBIT,STANDARD
964381 ,RUSSIAN FEDERATION ,SBERBANK OF RUSSIA,MIR,DEBIT,STANDARD
964382 ,RUSSIAN FEDERATION ,SBERBANK OF RUSSIA,MIR,DEBIT,STANDARD
964383 ,RUSSIAN FEDERATION ,SBERBANK OF RUSSIA,MIR,DEBIT,STANDARD
964384 ,RUSSIAN FEDERATION ,SBERBANK OF RUSSIA,MIR,DEBIT,STANDARD
964385 ,RUSSIAN FEDERATION ,SBERBANK OF RUSSIA,MIR,DEBIT,STANDARD
964386 ,RUSSIAN FEDERATION ,SBERBANK OF RUSSIA,MIR,DEBIT,STANDARD
964387 ,RUSSIAN FEDERATION ,SBERBANK OF RUSSIA,MIR,DEBIT,STANDARD
964388 ,RUSSIAN FEDERATION ,SBERBANK OF RUSSIA,MIR,DEBIT,STANDARD
964389 ,RUSSIAN FEDERATION ,SBERBANK OF RUSSIA,MIR,DEBIT,STANDARD
964390 ,RUSSIAN FEDERATION ,SBERBANK OF RUSSIA,MIR,DEBIT,STANDARD
964391 ,RUSSIAN FEDERATION ,SBERBANK OF RUSSIA,MIR,DEBIT,STANDARD
964392 ,RUSSIAN FEDERATION ,SBERBANK OF RUSSIA,MIR,DEBIT,STANDARD
964393 ,RUSSIAN FEDERATION ,SBERBANK OF RUSSIA,MIR,DEBIT,STANDARD
964394 ,RUSSIAN FEDERATION ,SBERBANK OF RUSSIA,MIR,DEBIT,STANDARD
964395 ,RUSSIAN FEDERATION ,SBERBANK OF RUSSIA,MIR,DEBIT,STANDARD
964396 ,RUSSIAN FEDERATION ,SBERBANK OF RUSSIA,MIR,DEBIT,STANDARD
964397 ,RUSSIAN FEDERATION ,SBERBANK OF RUSSIA,MIR,DEBIT,STANDARD
964398 ,RUSSIAN FEDERATION ,SBERBANK OF RUSSIA,MIR,DEBIT,STANDARD
964399 ,RUSSIAN FEDERATION ,SBERBANK OF RUSSIA,MIR,DEBIT,STANDARD
220070 ,RUSSIAN FEDERATION ,TINKOFF BANK,MIR,CREDIT,PREMIUM
437772 ,RUSSIAN FEDERATION ,TINKOFF BANK,VISA,DEBIT,REWARDS
437773 ,RUSSIAN FEDERATION ,TINKOFF BANK,VISA,CREDIT,REWARDS
437783 ,RUSSIAN FEDERATION ,TINKOFF BANK,VISA,CREDIT,
437784 ,RUSSIAN FEDERATION ,TINKOFF BANK,VISA,CREDIT,CLASSIC
470127 ,RUSSIAN FEDERATION ,TINKOFF BANK,VISA,DEBIT,BUSINESS
513990 ,RUSSIAN FEDERATION ,TINKOFF BANK,MASTERCARD,DEBIT,
518901 ,RUSSIAN FEDERATION ,TINKOFF BANK,MASTERCARD,CREDIT,GOLD
521324 ,RUSSIAN FEDERATION ,TINKOFF BANK,MASTERCARD,CREDIT,PLATINUM
524468 ,RUSSIAN FEDERATION ,TINKOFF BANK,MASTERCARD,DEBIT,PREPAID
528041 ,RUSSIAN FEDERATION ,TINKOFF BANK,MASTERCARD,DEBIT,WORLD BLACK
538994 ,RUSSIAN FEDERATION ,TINKOFF BANK,MASTERCARD,CREDIT,WORLD BLACK
544714 ,RUSSIAN FEDERATION ,TINKOFF BANK,MASTERCARD,DEBIT,WORLD
548387 ,RUSSIAN FEDERATION ,TINKOFF BANK,MASTERCARD,DEBIT,WORLD ELITE
551960 ,RUSSIAN FEDERATION ,TINKOFF BANK,MASTERCARD,CREDIT,WORLD
553420 ,RUSSIAN FEDERATION ,TINKOFF BANK,MASTERCARD,CREDIT,PREFERRED BUSINESS
553691 ,RUSSIAN FEDERATION ,TINKOFF BANK,MASTERCARD,DEBIT,WORLD
555323 ,RUSSIAN FEDERATION ,TINKOFF BANK,MASTERCARD,DEBIT,WORLD ELITE
555442 ,RUSSIAN FEDERATION ,TINKOFF BANK,MASTERCARD,CREDIT,WORLD
404007 ,RUSSIAN FEDERATION ,VTB BANK,VISA,CREDIT,SIGNATURE
405676 ,RUSSIAN FEDERATION ,VTB BANK,VISA,DEBIT,BUSINESS ENHANCED
407374 ,RUSSIAN FEDERATION ,VTB BANK,VISA,DEBIT,CLASSIC
407380 ,RUSSIAN FEDERATION ,VTB BANK,VISA,DEBIT,GOLD
409398 ,RUSSIAN FEDERATION ,VTB BANK,VISA,DEBIT,SIGNATURE
413064 ,RUSSIAN FEDERATION ,VTB BANK,VISA,CREDIT,REWARDS
415039 ,RUSSIAN FEDERATION ,VTB BANK,VISA,CREDIT,SIGNATURE
415042 ,RUSSIAN FEDERATION ,VTB BANK,VISA,CREDIT,REWARDS
418868 ,RUSSIAN FEDERATION ,VTB BANK,VISA,DEBIT,CLASSIC
418869 ,RUSSIAN FEDERATION ,VTB BANK,VISA,DEBIT,BUSINESS ENHANCED
418870 ,RUSSIAN FEDERATION ,VTB BANK,VISA,DEBIT,BUSINESS ENHANCED
419215 ,RUSSIAN FEDERATION ,VTB BANK,VISA,DEBIT,PREPAID CLASSIC
427229 ,RUSSIAN FEDERATION ,VTB BANK,VISA,CREDIT,REWARDS
427230 ,RUSSIAN FEDERATION ,VTB BANK,VISA,CREDIT,REWARDS
427275 ,RUSSIAN FEDERATION ,VTB BANK,VISA,CREDIT,INFINITE
427726 ,RUSSIAN FEDERATION ,VTB BANK,VISA,DEBIT,SIGNATURE BUSINESS
429565 ,RUSSIAN FEDERATION ,VTB BANK,VISA,DEBIT,SIGNATURE BUSINESS
429749 ,RUSSIAN FEDERATION ,VTB BANK,VISA,CREDIT,INFINITE
434157 ,RUSSIAN FEDERATION ,VTB BANK,VISA,DEBIT,SIGNATURE
436469 ,RUSSIAN FEDERATION ,VTB BANK,VISA,DEBIT,INFINITE
437424 ,RUSSIAN FEDERATION ,VTB BANK,VISA,DEBIT,REWARDS
439050 ,RUSSIAN FEDERATION ,VTB BANK,VISA,DEBIT,PLATINUM
446479 ,RUSSIAN FEDERATION ,VTB BANK,VISA,DEBIT,PREPAID CLASSIC
448343 ,RUSSIAN FEDERATION ,VTB BANK,VISA,DEBIT,CLASSIC
448344 ,RUSSIAN FEDERATION ,VTB BANK,VISA,DEBIT,GOLD
462235 ,RUSSIAN FEDERATION ,VTB BANK,VISA,CREDIT,REWARDS
464842 ,RUSSIAN FEDERATION ,VTB BANK,VISA,CREDIT,SIGNATURE
465206 ,RUSSIAN FEDERATION ,VTB BANK,VISA,DEBIT,REWARDS
465207 ,RUSSIAN FEDERATION ,VTB BANK,VISA,CREDIT,REWARDS
465218 ,RUSSIAN FEDERATION ,VTB BANK,VISA,CREDIT,REWARDS
466790 ,RUSSIAN FEDERATION ,VTB BANK,VISA,DEBIT,SIGNATURE
467058 ,RUSSIAN FEDERATION ,VTB BANK,VISA,DEBIT,CLASSIC
471229 ,RUSSIAN FEDERATION ,VTB BANK,VISA,CREDIT,SIGNATURE
471230 ,RUSSIAN FEDERATION ,VTB BANK,VISA,CREDIT,REWARDS
471487 ,RUSSIAN FEDERATION ,VTB BANK,VISA,DEBIT,REWARDS
476989 ,RUSSIAN FEDERATION ,VTB BANK,VISA,DEBIT,SIGNATURE
476999 ,RUSSIAN FEDERATION ,VTB BANK,VISA,DEBIT,REWARDS
479578 ,RUSSIAN FEDERATION ,VTB BANK,VISA,DEBIT,REWARDS
479584 ,RUSSIAN FEDERATION ,VTB BANK,VISA,DEBIT,REWARDS
479585 ,RUSSIAN FEDERATION ,VTB BANK,VISA,DEBIT,REWARDS
480099 ,RUSSIAN FEDERATION ,VTB BANK,VISA,DEBIT,REWARDS
480106 ,RUSSIAN FEDERATION ,VTB BANK,VISA,CREDIT,REWARDS
480623 ,RUSSIAN FEDERATION ,VTB BANK,VISA,DEBIT,SIGNATURE
489347 ,RUSSIAN FEDERATION ,VTB BANK,VISA,DEBIT,REWARDS
489348 ,RUSSIAN FEDERATION ,VTB BANK,VISA,DEBIT,INFINITE
489349 ,RUSSIAN FEDERATION ,VTB BANK,VISA,DEBIT,REWARDS
489350 ,RUSSIAN FEDERATION ,VTB BANK,VISA,DEBIT,REWARDS
490635 ,RUSSIAN FEDERATION ,VTB BANK,VISA,DEBIT,REWARDS
490809 ,RUSSIAN FEDERATION ,VTB BANK,VISA,DEBIT,CLASSIC
498629 ,RUSSIAN FEDERATION ,VTB BANK,VISA,DEBIT,CLASSIC
220040 ,RUSSIAN FEDERATION ,VTB BANK,MIR,DEBIT,CLASSIC
510043 ,RUSSIAN FEDERATION ,VTB BANK,MASTERCARD,DEBIT,CLASSIC
